placekey,year,month,home_cbg,visitors
222-222@8gd-kdb-7kf,2019,1,450190020033,4
222-222@8gd-kdb-7kf,2019,1,450450019003,4
222-222@8gd-kdb-7kf,2019,1,450499205001,4
222-222@8gd-kdb-7kf,2019,1,450299703001,4
222-222@8gd-kdb-7kf,2019,1,450130022012,4
222-222@8gd-kdb-7kf,2019,1,450770111025,4
222-222@8gd-kdb-7kf,2019,1,450539502011,4
222-222@8gd-kdb-7kf,2019,1,120070003004,4
222-222@8gd-kdb-7kf,2019,1,450630213061,4
222-222@8gd-kdb-7kf,2019,1,450130101001,4
222-222@8gd-kdb-7kf,2019,1,130510107001,4
222-222@8gd-kdb-7kf,2019,1,450539502025,4
222-222@8gd-kdb-7kf,2019,1,370370208001,4
222-222@8gd-kdb-7kf,2019,1,450499202003,4
222-222@8gd-kdb-7kf,2019,1,450130021073,4
222-222@8gd-kdb-7kf,2019,1,450150207211,4
222-222@8gd-kdb-7kf,2019,1,450190031153,4
222-222@8gd-kdb-7kf,2019,1,450190046073,4
222-222@8gd-kdb-7kf,2019,1,450499204001,4
222-222@8gd-kdb-7kf,2019,1,450499201001,4
222-222@8gd-kdb-7kf,2019,1,450130010001,4
222-222@8gd-kdb-7kf,2019,1,130311102001,4
222-222@8gd-kdb-7kf,2019,1,130510110053,4
222-222@8gd-kdb-7kf,2019,1,450130021074,4
222-222@8gd-kdb-7kf,2019,1,450059704002,4
222-222@8gd-kdb-7kf,2019,1,450299704012,4
222-222@8gd-kdb-7kf,2019,1,471790605022,4
222-222@8gd-kdb-7kf,2019,1,131030303011,4
222-222@8gd-kdb-7kf,2019,1,130510035011,4
222-222@8gd-kdb-7kf,2019,1,450190046084,4
222-222@8gd-kdb-7kf,2019,1,450790117011,4
222-222@8gd-kdb-7kf,2019,1,120330026051,4
222-222@8gd-kdb-7kf,2019,1,450130021083,4
222-222@8gd-kdb-7kf,2019,1,450539502023,4
222-222@8gd-kdb-7kf,2019,1,450499202001,4
222-222@8gd-kdb-7kf,2019,1,450539502024,4
222-222@8gd-kdb-7kf,2019,1,120860202003,4
222-222@8gd-kdb-7kf,2019,1,450130012001,4
222-222@8gd-kdb-7kf,2019,1,131350505491,4
222-222@8gd-kdb-7kf,2019,1,450630210312,4
222-222@8gd-kdb-7kf,2019,1,450130007001,4
222-222@8gd-kdb-7kf,2019,1,450130011013,4
222-222@8gd-kdb-7kf,2019,1,130630405241,4
222-222@8gd-kdb-7kf,2019,1,450190020051,4
222-222@8gd-kdb-7kf,2019,1,131030303052,4
222-222@8gd-kdb-7kf,2019,1,450499201002,4
222-222@8gd-kdb-7kf,2019,1,450190052002,4
222-222@8gd-kdb-7kf,2019,1,371590518021,4
222-222@8gd-kdb-7kf,2019,1,450539503002,4
222-222@8gd-kdb-7kf,2019,1,450350106042,4
222-222@8gd-kdb-7kf,2019,1,450299703004,4
222-222@8gd-kdb-7kf,2019,1,450750117002,4
222-222@8gd-kdb-7kf,2019,1,450059704003,4
222-222@8gd-kdb-7kf,2019,1,371510306002,4
222-222@8gd-kdb-7kf,2019,1,130510108071,4
222-222@8gd-kdb-7kf,2019,1,450150204031,4
222-222@8gd-kdb-7kf,2019,1,450130021031,4
222-222@8gd-kdb-7kf,2019,1,450130021052,4
222-222@8gd-kdb-7kf,2019,1,450750115002,4
222-222@8gd-kdb-7kf,2019,1,450130022011,4
222-222@8gd-kdb-7kf,2019,1,450539501004,4
222-222@8gd-kdb-7kf,2019,1,170318244001,4
222-222@8gd-kdb-7kf,2019,1,450130021062,4
222-222@8gd-kdb-7kf,2019,1,450130001003,4
222-222@8gd-kdb-7kf,2019,1,130510110054,4
222-222@8gd-kdb-7kf,2019,1,131030304012,4
222-222@8gd-kdb-7kf,2019,1,450150204041,4
222-222@8gd-kdb-7kf,2019,1,450299706004,4
222-222@8gd-kdb-7kf,2019,1,450130021081,4
222-222@8gd-kdb-7kf,2019,1,450130021075,4
222-222@8gd-kdb-7kf,2019,1,450630208052,4
222-222@8gd-kdb-7kf,2019,1,450130021041,4
222-222@8gd-kdb-7kf,2019,1,371330013002,4
222-222@8gd-kdb-7kf,2019,1,450299705002,4
222-222@8gd-kdb-7kf,2019,1,450190021011,4
222-222@8gd-kdb-7kf,2019,1,450499204003,4
222-222@8gd-kdb-7kf,2019,1,130510036021,4
222-222@8gd-kdb-7kf,2019,1,450099602002,5
222-222@8gd-kdb-7kf,2019,1,450130010002,5
222-222@8gd-kdb-7kf,2019,1,450499202002,5
222-222@8gd-kdb-7kf,2019,1,450539501003,5
222-222@8gd-kdb-7kf,2019,1,450130021032,5
222-222@8gd-kdb-7kf,2019,1,450499203002,5
222-222@8gd-kdb-7kf,2019,1,450130003003,6
222-222@8gd-kdb-7kf,2019,1,450130011011,6
222-222@8gd-kdb-7kf,2019,1,481872106071,6
222-222@8gd-kdb-7kf,2019,1,450130106002,6
222-222@8gd-kdb-7kf,2019,1,450299704013,6
222-222@8gd-kdb-7kf,2019,1,450130007002,7
222-222@8gd-kdb-7kf,2019,1,450130011022,8
222-222@8gd-kdb-7kf,2019,1,450499203001,8
222-222@8gd-kdb-7kf,2019,1,450130003001,8
222-222@8gd-kdb-7kf,2019,1,450130001002,8
222-222@8gd-kdb-7kf,2019,1,450130005032,9
222-222@8gd-kdb-7kf,2019,1,450130003002,10
222-222@8gd-kdb-7kf,2019,1,450130005012,10
222-222@8gd-kdb-7kf,2019,1,450130005022,10
222-222@8gd-kdb-7kf,2019,1,450130001001,11
222-222@8gd-kdb-7kf,2019,1,450499204002,11
222-222@8gd-kdb-7kf,2019,1,450130006001,11
222-222@8gd-kdb-7kf,2019,1,450130011023,11
222-222@8gd-kdb-7kf,2019,1,450539502012,12
222-222@8gd-kdb-7kf,2019,1,450130006002,13
222-222@8gd-kdb-7kf,2019,1,450130002002,13
222-222@8gd-kdb-7kf,2019,1,450539501001,13
222-222@8gd-kdb-7kf,2019,1,450539502022,13
222-222@8gd-kdb-7kf,2019,1,450130008001,13
222-222@8gd-kdb-7kf,2019,1,450130011012,14
222-222@8gd-kdb-7kf,2019,1,450130022021,15
222-222@8gd-kdb-7kf,2019,1,450130007005,16
222-222@8gd-kdb-7kf,2019,1,450130008003,16
222-222@8gd-kdb-7kf,2019,1,450130007006,18
222-222@8gd-kdb-7kf,2019,1,450130008002,19
222-222@8gd-kdb-7kf,2019,1,450130009021,22
222-222@8gd-kdb-7kf,2019,1,450130005033,22
222-222@8gd-kdb-7kf,2019,1,450130002003,23
222-222@8gd-kdb-7kf,2019,1,450130009031,23
222-222@8gd-kdb-7kf,2019,1,450130005011,24
222-222@8gd-kdb-7kf,2019,1,450130009023,24
222-222@8gd-kdb-7kf,2019,1,450130008004,27
222-222@8gd-kdb-7kf,2019,1,450130011021,28
222-222@8gd-kdb-7kf,2019,1,450130009022,29
222-222@8gd-kdb-7kf,2019,1,450130009011,30
222-222@8gd-kdb-7kf,2019,1,450130002001,31
222-222@8gd-kdb-7kf,2019,1,450130005013,33
222-222@8gd-kdb-7kf,2019,1,450130005031,34
222-222@8gd-kdb-7kf,2019,1,450130005021,37
222-222@8gd-kdb-7kf,2019,1,450130007004,44
222-222@8gd-kdb-7kf,2019,2,371639703011,4
222-222@8gd-kdb-7kf,2019,2,450130021053,4
222-222@8gd-kdb-7kf,2019,2,450539501003,4
222-222@8gd-kdb-7kf,2019,2,260910622001,4
222-222@8gd-kdb-7kf,2019,2,450150207211,4
222-222@8gd-kdb-7kf,2019,2,450539502011,4
222-222@8gd-kdb-7kf,2019,2,121030249052,4
222-222@8gd-kdb-7kf,2019,2,450130103002,4
222-222@8gd-kdb-7kf,2019,2,130510111041,4
222-222@8gd-kdb-7kf,2019,2,450539503002,4
222-222@8gd-kdb-7kf,2019,2,450130021021,4
222-222@8gd-kdb-7kf,2019,2,450499204001,4
222-222@8gd-kdb-7kf,2019,2,450099602001,4
222-222@8gd-kdb-7kf,2019,2,260210201002,4
222-222@8gd-kdb-7kf,2019,2,371190016092,4
222-222@8gd-kdb-7kf,2019,2,450499202005,4
222-222@8gd-kdb-7kf,2019,2,450499205001,4
222-222@8gd-kdb-7kf,2019,2,450130106002,4
222-222@8gd-kdb-7kf,2019,2,450299706004,4
222-222@8gd-kdb-7kf,2019,2,450130022022,4
222-222@8gd-kdb-7kf,2019,2,371559617004,4
222-222@8gd-kdb-7kf,2019,2,371010402032,4
222-222@8gd-kdb-7kf,2019,2,450130007003,4
222-222@8gd-kdb-7kf,2019,2,450539503003,4
222-222@8gd-kdb-7kf,2019,2,450059702002,4
222-222@8gd-kdb-7kf,2019,2,450350105052,4
222-222@8gd-kdb-7kf,2019,2,132519704001,4
222-222@8gd-kdb-7kf,2019,2,450130021041,4
222-222@8gd-kdb-7kf,2019,2,450630210211,4
222-222@8gd-kdb-7kf,2019,2,450130021042,4
222-222@8gd-kdb-7kf,2019,2,450130021071,4
222-222@8gd-kdb-7kf,2019,2,450259503001,4
222-222@8gd-kdb-7kf,2019,2,132799706001,4
222-222@8gd-kdb-7kf,2019,2,450150204031,4
222-222@8gd-kdb-7kf,2019,2,450130021082,4
222-222@8gd-kdb-7kf,2019,2,450190028012,4
222-222@8gd-kdb-7kf,2019,2,130510108071,4
222-222@8gd-kdb-7kf,2019,2,450130021031,4
222-222@8gd-kdb-7kf,2019,2,450539502021,4
222-222@8gd-kdb-7kf,2019,2,210190305002,4
222-222@8gd-kdb-7kf,2019,2,450479704004,4
222-222@8gd-kdb-7kf,2019,2,450299708002,4
222-222@8gd-kdb-7kf,2019,2,450190051002,4
222-222@8gd-kdb-7kf,2019,2,131030303042,4
222-222@8gd-kdb-7kf,2019,2,160270209012,4
222-222@8gd-kdb-7kf,2019,2,450499204002,4
222-222@8gd-kdb-7kf,2019,2,450499202002,4
222-222@8gd-kdb-7kf,2019,2,450130004001,4
222-222@8gd-kdb-7kf,2019,2,450499201002,4
222-222@8gd-kdb-7kf,2019,2,450790119011,4
222-222@8gd-kdb-7kf,2019,2,450499202003,4
222-222@8gd-kdb-7kf,2019,2,450130021052,4
222-222@8gd-kdb-7kf,2019,2,450059704002,4
222-222@8gd-kdb-7kf,2019,2,450130022012,4
222-222@8gd-kdb-7kf,2019,2,130510110061,4
222-222@8gd-kdb-7kf,2019,2,450130021083,5
222-222@8gd-kdb-7kf,2019,2,450499203001,5
222-222@8gd-kdb-7kf,2019,2,450130011022,5
222-222@8gd-kdb-7kf,2019,2,450499202001,5
222-222@8gd-kdb-7kf,2019,2,450130009012,5
222-222@8gd-kdb-7kf,2019,2,450130021063,5
222-222@8gd-kdb-7kf,2019,2,450539502025,5
222-222@8gd-kdb-7kf,2019,2,450130001003,6
222-222@8gd-kdb-7kf,2019,2,450130011011,6
222-222@8gd-kdb-7kf,2019,2,450130007001,7
222-222@8gd-kdb-7kf,2019,2,450130008002,7
222-222@8gd-kdb-7kf,2019,2,450539502024,7
222-222@8gd-kdb-7kf,2019,2,450130005032,8
222-222@8gd-kdb-7kf,2019,2,450130001002,8
222-222@8gd-kdb-7kf,2019,2,450130021062,8
222-222@8gd-kdb-7kf,2019,2,450539502022,8
222-222@8gd-kdb-7kf,2019,2,450130003001,8
222-222@8gd-kdb-7kf,2019,2,450130011023,8
222-222@8gd-kdb-7kf,2019,2,450130011013,8
222-222@8gd-kdb-7kf,2019,2,450130008001,8
222-222@8gd-kdb-7kf,2019,2,450130002002,9
222-222@8gd-kdb-7kf,2019,2,450130003002,9
222-222@8gd-kdb-7kf,2019,2,450499203002,9
222-222@8gd-kdb-7kf,2019,2,450130007005,9
222-222@8gd-kdb-7kf,2019,2,450130010002,9
222-222@8gd-kdb-7kf,2019,2,450130022021,10
222-222@8gd-kdb-7kf,2019,2,450539502023,10
222-222@8gd-kdb-7kf,2019,2,450130021032,10
222-222@8gd-kdb-7kf,2019,2,450130007002,11
222-222@8gd-kdb-7kf,2019,2,450130006001,11
222-222@8gd-kdb-7kf,2019,2,450130009023,11
222-222@8gd-kdb-7kf,2019,2,450130006002,11
222-222@8gd-kdb-7kf,2019,2,450130005012,12
222-222@8gd-kdb-7kf,2019,2,450539501001,13
222-222@8gd-kdb-7kf,2019,2,450130001001,13
222-222@8gd-kdb-7kf,2019,2,450130007006,14
222-222@8gd-kdb-7kf,2019,2,450130005022,14
222-222@8gd-kdb-7kf,2019,2,450130011021,15
222-222@8gd-kdb-7kf,2019,2,450130003003,15
222-222@8gd-kdb-7kf,2019,2,450130005013,17
222-222@8gd-kdb-7kf,2019,2,450130008003,17
222-222@8gd-kdb-7kf,2019,2,450539502012,17
222-222@8gd-kdb-7kf,2019,2,450130008004,19
222-222@8gd-kdb-7kf,2019,2,450130005033,21
222-222@8gd-kdb-7kf,2019,2,450130009011,21
222-222@8gd-kdb-7kf,2019,2,450130005011,22
222-222@8gd-kdb-7kf,2019,2,450130011012,23
222-222@8gd-kdb-7kf,2019,2,450130002003,24
222-222@8gd-kdb-7kf,2019,2,450130005031,25
222-222@8gd-kdb-7kf,2019,2,450130007004,26
222-222@8gd-kdb-7kf,2019,2,450130009021,30
222-222@8gd-kdb-7kf,2019,2,450130009031,30
222-222@8gd-kdb-7kf,2019,2,450130002001,31
222-222@8gd-kdb-7kf,2019,2,450130009022,33
222-222@8gd-kdb-7kf,2019,2,450130005021,49
222-222@8gd-kdb-7kf,2019,3,371819610001,4
222-222@8gd-kdb-7kf,2019,3,130510111092,4
222-222@8gd-kdb-7kf,2019,3,450630213061,4
222-222@8gd-kdb-7kf,2019,3,450190056002,4
222-222@8gd-kdb-7kf,2019,3,450130103002,4
222-222@8gd-kdb-7kf,2019,3,450059702002,4
222-222@8gd-kdb-7kf,2019,3,450130021083,4
222-222@8gd-kdb-7kf,2019,3,371290115002,4
222-222@8gd-kdb-7kf,2019,3,340270427002,4
222-222@8gd-kdb-7kf,2019,3,450130010001,4
222-222@8gd-kdb-7kf,2019,3,450539501004,4
222-222@8gd-kdb-7kf,2019,3,450130022011,4
222-222@8gd-kdb-7kf,2019,3,130510105022,4
222-222@8gd-kdb-7kf,2019,3,240037309012,4
222-222@8gd-kdb-7kf,2019,3,450130021073,4
222-222@8gd-kdb-7kf,2019,3,260210201002,4
222-222@8gd-kdb-7kf,2019,3,371830501001,4
222-222@8gd-kdb-7kf,2019,3,450499204003,4
222-222@8gd-kdb-7kf,2019,3,371190058241,4
222-222@8gd-kdb-7kf,2019,3,450539502024,4
222-222@8gd-kdb-7kf,2019,3,450130021082,4
222-222@8gd-kdb-7kf,2019,3,450499204001,4
222-222@8gd-kdb-7kf,2019,3,120830012073,4
222-222@8gd-kdb-7kf,2019,3,131790103002,4
222-222@8gd-kdb-7kf,2019,3,450630208052,4
222-222@8gd-kdb-7kf,2019,3,450130021031,4
222-222@8gd-kdb-7kf,2019,3,450499202001,4
222-222@8gd-kdb-7kf,2019,3,360810220024,4
222-222@8gd-kdb-7kf,2019,3,450130105001,4
222-222@8gd-kdb-7kf,2019,3,450130021051,4
222-222@8gd-kdb-7kf,2019,3,360550112073,4
222-222@8gd-kdb-7kf,2019,3,450539503004,4
222-222@8gd-kdb-7kf,2019,3,450130009012,4
222-222@8gd-kdb-7kf,2019,3,450190001003,4
222-222@8gd-kdb-7kf,2019,3,450350108082,4
222-222@8gd-kdb-7kf,2019,3,450499202004,4
222-222@8gd-kdb-7kf,2019,3,450770112052,4
222-222@8gd-kdb-7kf,2019,3,450130021075,4
222-222@8gd-kdb-7kf,2019,3,120690304095,4
222-222@8gd-kdb-7kf,2019,3,390490075203,4
222-222@8gd-kdb-7kf,2019,3,450130104003,4
222-222@8gd-kdb-7kf,2019,3,371190058321,4
222-222@8gd-kdb-7kf,2019,3,090138902013,4
222-222@8gd-kdb-7kf,2019,3,450130012001,4
222-222@8gd-kdb-7kf,2019,3,130510110032,4
222-222@8gd-kdb-7kf,2019,3,450130021053,4
222-222@8gd-kdb-7kf,2019,3,450030206023,4
222-222@8gd-kdb-7kf,2019,3,130299203061,4
222-222@8gd-kdb-7kf,2019,3,450150207131,4
222-222@8gd-kdb-7kf,2019,3,450299706001,4
222-222@8gd-kdb-7kf,2019,3,450190004002,4
222-222@8gd-kdb-7kf,2019,3,450539503002,4
222-222@8gd-kdb-7kf,2019,3,371790210041,4
222-222@8gd-kdb-7kf,2019,3,450150207102,4
222-222@8gd-kdb-7kf,2019,3,450539502011,4
222-222@8gd-kdb-7kf,2019,3,450499201002,4
222-222@8gd-kdb-7kf,2019,3,450499202002,4
222-222@8gd-kdb-7kf,2019,3,131430104003,4
222-222@8gd-kdb-7kf,2019,3,450499202005,4
222-222@8gd-kdb-7kf,2019,3,120390207022,4
222-222@8gd-kdb-7kf,2019,3,450130021042,4
222-222@8gd-kdb-7kf,2019,3,131030303011,4
222-222@8gd-kdb-7kf,2019,3,130510107001,4
222-222@8gd-kdb-7kf,2019,3,450130103003,4
222-222@8gd-kdb-7kf,2019,3,450130113001,4
222-222@8gd-kdb-7kf,2019,3,450299704013,4
222-222@8gd-kdb-7kf,2019,3,240199707021,4
222-222@8gd-kdb-7kf,2019,3,260770011002,4
222-222@8gd-kdb-7kf,2019,3,450130021071,4
222-222@8gd-kdb-7kf,2019,3,131270003001,4
222-222@8gd-kdb-7kf,2019,3,131030303051,4
222-222@8gd-kdb-7kf,2019,3,450130021061,4
222-222@8gd-kdb-7kf,2019,3,450130001002,4
222-222@8gd-kdb-7kf,2019,3,450539502025,4
222-222@8gd-kdb-7kf,2019,3,130299203062,5
222-222@8gd-kdb-7kf,2019,3,450539502023,5
222-222@8gd-kdb-7kf,2019,3,450499204002,5
222-222@8gd-kdb-7kf,2019,3,450130106002,5
222-222@8gd-kdb-7kf,2019,3,450130104002,5
222-222@8gd-kdb-7kf,2019,3,450190026131,6
222-222@8gd-kdb-7kf,2019,3,450190046083,6
222-222@8gd-kdb-7kf,2019,3,450499203001,6
222-222@8gd-kdb-7kf,2019,3,450539502021,6
222-222@8gd-kdb-7kf,2019,3,371330004023,6
222-222@8gd-kdb-7kf,2019,3,450499205001,6
222-222@8gd-kdb-7kf,2019,3,450130005032,7
222-222@8gd-kdb-7kf,2019,3,450130007003,7
222-222@8gd-kdb-7kf,2019,3,450130008003,7
222-222@8gd-kdb-7kf,2019,3,450130002002,7
222-222@8gd-kdb-7kf,2019,3,450499203002,7
222-222@8gd-kdb-7kf,2019,3,450130021062,7
222-222@8gd-kdb-7kf,2019,3,450539502022,7
222-222@8gd-kdb-7kf,2019,3,450130006001,8
222-222@8gd-kdb-7kf,2019,3,450130011013,8
222-222@8gd-kdb-7kf,2019,3,450130003001,9
222-222@8gd-kdb-7kf,2019,3,450130007005,9
222-222@8gd-kdb-7kf,2019,3,450130001003,10
222-222@8gd-kdb-7kf,2019,3,450130001001,10
222-222@8gd-kdb-7kf,2019,3,450130011011,10
222-222@8gd-kdb-7kf,2019,3,450130003003,11
222-222@8gd-kdb-7kf,2019,3,450130011022,11
222-222@8gd-kdb-7kf,2019,3,450539501001,11
222-222@8gd-kdb-7kf,2019,3,450130005012,11
222-222@8gd-kdb-7kf,2019,3,450130008004,11
222-222@8gd-kdb-7kf,2019,3,450130021041,11
222-222@8gd-kdb-7kf,2019,3,450130011023,12
222-222@8gd-kdb-7kf,2019,3,450130007002,12
222-222@8gd-kdb-7kf,2019,3,450130021032,12
222-222@8gd-kdb-7kf,2019,3,450130022021,12
222-222@8gd-kdb-7kf,2019,3,450130003002,13
222-222@8gd-kdb-7kf,2019,3,450130010002,13
222-222@8gd-kdb-7kf,2019,3,450130006002,13
222-222@8gd-kdb-7kf,2019,3,450539502012,13
222-222@8gd-kdb-7kf,2019,3,450130005033,15
222-222@8gd-kdb-7kf,2019,3,450130008002,15
222-222@8gd-kdb-7kf,2019,3,450130007001,16
222-222@8gd-kdb-7kf,2019,3,450130021021,16
222-222@8gd-kdb-7kf,2019,3,450130009023,17
222-222@8gd-kdb-7kf,2019,3,450130009031,18
222-222@8gd-kdb-7kf,2019,3,450130008001,19
222-222@8gd-kdb-7kf,2019,3,450130005022,19
222-222@8gd-kdb-7kf,2019,3,450130011012,20
222-222@8gd-kdb-7kf,2019,3,450130007006,20
222-222@8gd-kdb-7kf,2019,3,450130002001,21
222-222@8gd-kdb-7kf,2019,3,450130011021,21
222-222@8gd-kdb-7kf,2019,3,450130002003,23
222-222@8gd-kdb-7kf,2019,3,450130005013,26
222-222@8gd-kdb-7kf,2019,3,450130009021,27
222-222@8gd-kdb-7kf,2019,3,450130009011,27
222-222@8gd-kdb-7kf,2019,3,450130005011,30
222-222@8gd-kdb-7kf,2019,3,450130005031,31
222-222@8gd-kdb-7kf,2019,3,450130005021,35
222-222@8gd-kdb-7kf,2019,3,450130007004,37
222-222@8gd-kdb-7kf,2019,3,450130009022,37
222-222@8gd-kdb-7kf,2019,4,450539501002,4
222-222@8gd-kdb-7kf,2019,4,450350105052,4
222-222@8gd-kdb-7kf,2019,4,450130021062,4
222-222@8gd-kdb-7kf,2019,4,131030303031,4
222-222@8gd-kdb-7kf,2019,4,511970502002,4
222-222@8gd-kdb-7kf,2019,4,450130022013,4
222-222@8gd-kdb-7kf,2019,4,450130021053,4
222-222@8gd-kdb-7kf,2019,4,450150204031,4
222-222@8gd-kdb-7kf,2019,4,450190053002,4
222-222@8gd-kdb-7kf,2019,4,450059704002,4
222-222@8gd-kdb-7kf,2019,4,450190032001,4
222-222@8gd-kdb-7kf,2019,4,130510114001,4
222-222@8gd-kdb-7kf,2019,4,450499204002,4
222-222@8gd-kdb-7kf,2019,4,120310165003,4
222-222@8gd-kdb-7kf,2019,4,450499203002,4
222-222@8gd-kdb-7kf,2019,4,450479704004,4
222-222@8gd-kdb-7kf,2019,4,450130021052,4
222-222@8gd-kdb-7kf,2019,4,130299201012,4
222-222@8gd-kdb-7kf,2019,4,450130010001,4
222-222@8gd-kdb-7kf,2019,4,450150207152,4
222-222@8gd-kdb-7kf,2019,4,130510108084,4
222-222@8gd-kdb-7kf,2019,4,450299704021,4
222-222@8gd-kdb-7kf,2019,4,450130021032,4
222-222@8gd-kdb-7kf,2019,4,240317014072,4
222-222@8gd-kdb-7kf,2019,4,450539502022,4
222-222@8gd-kdb-7kf,2019,4,120310159231,4
222-222@8gd-kdb-7kf,2019,4,450130021042,4
222-222@8gd-kdb-7kf,2019,4,450190047021,4
222-222@8gd-kdb-7kf,2019,4,450539502011,4
222-222@8gd-kdb-7kf,2019,4,450130104003,4
222-222@8gd-kdb-7kf,2019,4,371819610001,4
222-222@8gd-kdb-7kf,2019,4,450150207131,4
222-222@8gd-kdb-7kf,2019,4,450450019002,4
222-222@8gd-kdb-7kf,2019,4,450130106002,4
222-222@8gd-kdb-7kf,2019,4,450130105001,4
222-222@8gd-kdb-7kf,2019,4,450130007003,4
222-222@8gd-kdb-7kf,2019,4,450130021021,4
222-222@8gd-kdb-7kf,2019,4,371259505022,4
222-222@8gd-kdb-7kf,2019,4,370510025012,4
222-222@8gd-kdb-7kf,2019,4,131270005012,4
222-222@8gd-kdb-7kf,2019,4,130510107001,4
222-222@8gd-kdb-7kf,2019,4,450499205001,4
222-222@8gd-kdb-7kf,2019,4,450130105002,4
222-222@8gd-kdb-7kf,2019,4,450130021071,4
222-222@8gd-kdb-7kf,2019,4,450510504011,4
222-222@8gd-kdb-7kf,2019,4,450130001001,4
222-222@8gd-kdb-7kf,2019,4,450030213004,4
222-222@8gd-kdb-7kf,2019,4,450499202005,4
222-222@8gd-kdb-7kf,2019,4,450030217002,4
222-222@8gd-kdb-7kf,2019,4,450299706004,4
222-222@8gd-kdb-7kf,2019,4,450190002001,4
222-222@8gd-kdb-7kf,2019,4,450539501003,4
222-222@8gd-kdb-7kf,2019,4,130510110052,4
222-222@8gd-kdb-7kf,2019,4,450130103002,4
222-222@8gd-kdb-7kf,2019,4,450630212051,4
222-222@8gd-kdb-7kf,2019,4,130390106012,4
222-222@8gd-kdb-7kf,2019,4,450130021031,4
222-222@8gd-kdb-7kf,2019,4,450130021082,4
222-222@8gd-kdb-7kf,2019,4,450299708002,4
222-222@8gd-kdb-7kf,2019,4,450130021073,4
222-222@8gd-kdb-7kf,2019,4,450539502021,4
222-222@8gd-kdb-7kf,2019,4,450499202003,4
222-222@8gd-kdb-7kf,2019,4,130311106013,4
222-222@8gd-kdb-7kf,2019,4,121170220053,4
222-222@8gd-kdb-7kf,2019,4,450130004001,4
222-222@8gd-kdb-7kf,2019,4,120850011031,4
222-222@8gd-kdb-7kf,2019,4,450130011013,4
222-222@8gd-kdb-7kf,2019,4,450299702001,4
222-222@8gd-kdb-7kf,2019,4,483671407061,4
222-222@8gd-kdb-7kf,2019,4,450299702002,4
222-222@8gd-kdb-7kf,2019,4,450130022011,5
222-222@8gd-kdb-7kf,2019,4,130510043001,5
222-222@8gd-kdb-7kf,2019,4,450499201001,5
222-222@8gd-kdb-7kf,2019,4,450539502023,5
222-222@8gd-kdb-7kf,2019,4,130890215033,5
222-222@8gd-kdb-7kf,2019,4,131210055021,5
222-222@8gd-kdb-7kf,2019,4,450299703004,6
222-222@8gd-kdb-7kf,2019,4,450130003003,6
222-222@8gd-kdb-7kf,2019,4,450539501004,6
222-222@8gd-kdb-7kf,2019,4,450130002002,7
222-222@8gd-kdb-7kf,2019,4,450130012001,7
222-222@8gd-kdb-7kf,2019,4,450130011023,8
222-222@8gd-kdb-7kf,2019,4,450130022012,8
222-222@8gd-kdb-7kf,2019,4,450130008003,8
222-222@8gd-kdb-7kf,2019,4,450499202002,8
222-222@8gd-kdb-7kf,2019,4,450130005032,9
222-222@8gd-kdb-7kf,2019,4,450130010002,9
222-222@8gd-kdb-7kf,2019,4,450130001002,9
222-222@8gd-kdb-7kf,2019,4,450499203001,9
222-222@8gd-kdb-7kf,2019,4,450539502012,10
222-222@8gd-kdb-7kf,2019,4,450130011022,10
222-222@8gd-kdb-7kf,2019,4,450130008002,10
222-222@8gd-kdb-7kf,2019,4,450130003002,11
222-222@8gd-kdb-7kf,2019,4,450130001003,11
222-222@8gd-kdb-7kf,2019,4,450130006001,12
222-222@8gd-kdb-7kf,2019,4,450130008001,12
222-222@8gd-kdb-7kf,2019,4,450130007002,12
222-222@8gd-kdb-7kf,2019,4,450130011011,13
222-222@8gd-kdb-7kf,2019,4,450130021041,13
222-222@8gd-kdb-7kf,2019,4,450130022021,14
222-222@8gd-kdb-7kf,2019,4,450130011012,14
222-222@8gd-kdb-7kf,2019,4,450539501001,14
222-222@8gd-kdb-7kf,2019,4,450130003001,15
222-222@8gd-kdb-7kf,2019,4,450130005012,16
222-222@8gd-kdb-7kf,2019,4,450130007005,16
222-222@8gd-kdb-7kf,2019,4,450130007001,16
222-222@8gd-kdb-7kf,2019,4,450130009023,17
222-222@8gd-kdb-7kf,2019,4,450130011021,18
222-222@8gd-kdb-7kf,2019,4,450130007006,20
222-222@8gd-kdb-7kf,2019,4,450130005022,21
222-222@8gd-kdb-7kf,2019,4,450130005031,23
222-222@8gd-kdb-7kf,2019,4,450130006002,24
222-222@8gd-kdb-7kf,2019,4,450130002003,24
222-222@8gd-kdb-7kf,2019,4,450130005033,26
222-222@8gd-kdb-7kf,2019,4,450130008004,27
222-222@8gd-kdb-7kf,2019,4,450130005013,28
222-222@8gd-kdb-7kf,2019,4,450130002001,28
222-222@8gd-kdb-7kf,2019,4,450130005011,29
222-222@8gd-kdb-7kf,2019,4,450130009031,30
222-222@8gd-kdb-7kf,2019,4,450130009011,34
222-222@8gd-kdb-7kf,2019,4,450130009021,36
222-222@8gd-kdb-7kf,2019,4,450130009022,40
222-222@8gd-kdb-7kf,2019,4,450130005021,40
222-222@8gd-kdb-7kf,2019,4,450130007004,42
222-222@8gd-kdb-7kf,2019,5,450299704021,4
222-222@8gd-kdb-7kf,2019,5,130510105022,4
222-222@8gd-kdb-7kf,2019,5,220570214003,4
222-222@8gd-kdb-7kf,2019,5,450350105031,4
222-222@8gd-kdb-7kf,2019,5,450130103001,4
222-222@8gd-kdb-7kf,2019,5,450299704022,4
222-222@8gd-kdb-7kf,2019,5,450059704001,4
222-222@8gd-kdb-7kf,2019,5,130890212111,4
222-222@8gd-kdb-7kf,2019,5,450539501004,4
222-222@8gd-kdb-7kf,2019,5,450130021031,4
222-222@8gd-kdb-7kf,2019,5,371190030151,4
222-222@8gd-kdb-7kf,2019,5,131030303031,4
222-222@8gd-kdb-7kf,2019,5,130510108012,4
222-222@8gd-kdb-7kf,2019,5,450130007003,4
222-222@8gd-kdb-7kf,2019,5,130311103003,4
222-222@8gd-kdb-7kf,2019,5,450130108002,4
222-222@8gd-kdb-7kf,2019,5,518100418021,4
222-222@8gd-kdb-7kf,2019,5,370499613011,4
222-222@8gd-kdb-7kf,2019,5,370499613032,4
222-222@8gd-kdb-7kf,2019,5,120570135033,4
222-222@8gd-kdb-7kf,2019,5,450750109006,4
222-222@8gd-kdb-7kf,2019,5,450130021081,4
222-222@8gd-kdb-7kf,2019,5,130510115001,4
222-222@8gd-kdb-7kf,2019,5,370810128041,4
222-222@8gd-kdb-7kf,2019,5,450130021051,4
222-222@8gd-kdb-7kf,2019,5,450130103002,4
222-222@8gd-kdb-7kf,2019,5,450099603001,4
222-222@8gd-kdb-7kf,2019,5,130510043001,4
222-222@8gd-kdb-7kf,2019,5,450299708002,4
222-222@8gd-kdb-7kf,2019,5,450499202003,4
222-222@8gd-kdb-7kf,2019,5,450450024042,4
222-222@8gd-kdb-7kf,2019,5,131030302022,4
222-222@8gd-kdb-7kf,2019,5,450499205001,4
222-222@8gd-kdb-7kf,2019,5,120610501003,4
222-222@8gd-kdb-7kf,2019,5,450539503003,4
222-222@8gd-kdb-7kf,2019,5,130771706024,4
222-222@8gd-kdb-7kf,2019,5,450130021042,4
222-222@8gd-kdb-7kf,2019,5,450299703004,4
222-222@8gd-kdb-7kf,2019,5,131210098021,4
222-222@8gd-kdb-7kf,2019,5,450130004001,4
222-222@8gd-kdb-7kf,2019,5,450130021052,4
222-222@8gd-kdb-7kf,2019,5,450130010001,4
222-222@8gd-kdb-7kf,2019,5,131210101133,4
222-222@8gd-kdb-7kf,2019,5,371190058301,4
222-222@8gd-kdb-7kf,2019,5,450130022011,4
222-222@8gd-kdb-7kf,2019,5,450539502021,4
222-222@8gd-kdb-7kf,2019,5,450630206013,4
222-222@8gd-kdb-7kf,2019,5,450499201003,4
222-222@8gd-kdb-7kf,2019,5,450539503004,4
222-222@8gd-kdb-7kf,2019,5,450299704013,4
222-222@8gd-kdb-7kf,2019,5,450070112011,4
222-222@8gd-kdb-7kf,2019,5,450130021062,4
222-222@8gd-kdb-7kf,2019,5,450539501003,4
222-222@8gd-kdb-7kf,2019,5,450499201001,4
222-222@8gd-kdb-7kf,2019,5,390852018002,4
222-222@8gd-kdb-7kf,2019,5,450439205041,4
222-222@8gd-kdb-7kf,2019,5,450130021073,5
222-222@8gd-kdb-7kf,2019,5,391730206021,5
222-222@8gd-kdb-7kf,2019,5,450130011013,5
222-222@8gd-kdb-7kf,2019,5,131839702002,5
222-222@8gd-kdb-7kf,2019,5,450130021021,6
222-222@8gd-kdb-7kf,2019,5,450130009012,6
222-222@8gd-kdb-7kf,2019,5,450499204001,6
222-222@8gd-kdb-7kf,2019,5,450130021083,6
222-222@8gd-kdb-7kf,2019,5,450130001002,6
222-222@8gd-kdb-7kf,2019,5,450499202005,7
222-222@8gd-kdb-7kf,2019,5,450130003001,7
222-222@8gd-kdb-7kf,2019,5,450130007002,8
222-222@8gd-kdb-7kf,2019,5,450499204002,8
222-222@8gd-kdb-7kf,2019,5,131030302021,9
222-222@8gd-kdb-7kf,2019,5,450130001003,9
222-222@8gd-kdb-7kf,2019,5,450130011011,9
222-222@8gd-kdb-7kf,2019,5,450539501001,9
222-222@8gd-kdb-7kf,2019,5,450130006001,9
222-222@8gd-kdb-7kf,2019,5,450130005012,9
222-222@8gd-kdb-7kf,2019,5,450539502023,9
222-222@8gd-kdb-7kf,2019,5,450130007005,9
222-222@8gd-kdb-7kf,2019,5,450130012001,9
222-222@8gd-kdb-7kf,2019,5,450499203001,9
222-222@8gd-kdb-7kf,2019,5,450130011023,10
222-222@8gd-kdb-7kf,2019,5,450130003003,10
222-222@8gd-kdb-7kf,2019,5,450130021061,10
222-222@8gd-kdb-7kf,2019,5,450130010002,10
222-222@8gd-kdb-7kf,2019,5,450539502022,10
222-222@8gd-kdb-7kf,2019,5,450130008003,11
222-222@8gd-kdb-7kf,2019,5,450130005032,11
222-222@8gd-kdb-7kf,2019,5,450130002002,11
222-222@8gd-kdb-7kf,2019,5,450130001001,12
222-222@8gd-kdb-7kf,2019,5,450499203002,12
222-222@8gd-kdb-7kf,2019,5,450130003002,12
222-222@8gd-kdb-7kf,2019,5,450130008001,12
222-222@8gd-kdb-7kf,2019,5,450130008002,13
222-222@8gd-kdb-7kf,2019,5,450130021041,13
222-222@8gd-kdb-7kf,2019,5,450130022021,13
222-222@8gd-kdb-7kf,2019,5,450130011022,14
222-222@8gd-kdb-7kf,2019,5,450130021032,14
222-222@8gd-kdb-7kf,2019,5,450130011012,14
222-222@8gd-kdb-7kf,2019,5,450130006002,15
222-222@8gd-kdb-7kf,2019,5,450130009031,16
222-222@8gd-kdb-7kf,2019,5,450130007001,16
222-222@8gd-kdb-7kf,2019,5,450539502012,16
222-222@8gd-kdb-7kf,2019,5,450130005022,18
222-222@8gd-kdb-7kf,2019,5,450130007006,18
222-222@8gd-kdb-7kf,2019,5,450130005033,18
222-222@8gd-kdb-7kf,2019,5,450130005031,24
222-222@8gd-kdb-7kf,2019,5,450130002001,24
222-222@8gd-kdb-7kf,2019,5,450130002003,25
222-222@8gd-kdb-7kf,2019,5,450130011021,25
222-222@8gd-kdb-7kf,2019,5,450130005013,27
222-222@8gd-kdb-7kf,2019,5,450130009023,27
222-222@8gd-kdb-7kf,2019,5,450130005011,28
222-222@8gd-kdb-7kf,2019,5,450130008004,29
222-222@8gd-kdb-7kf,2019,5,450130009011,30
222-222@8gd-kdb-7kf,2019,5,450130009022,34
222-222@8gd-kdb-7kf,2019,5,450130009021,38
222-222@8gd-kdb-7kf,2019,5,450130005021,38
222-222@8gd-kdb-7kf,2019,5,450130007004,39
222-222@8gd-kdb-7kf,2019,6,450499202004,4
222-222@8gd-kdb-7kf,2019,6,132971107001,4
222-222@8gd-kdb-7kf,2019,6,450190020053,4
222-222@8gd-kdb-7kf,2019,6,130510111092,4
222-222@8gd-kdb-7kf,2019,6,450130021063,4
222-222@8gd-kdb-7kf,2019,6,450499205001,4
222-222@8gd-kdb-7kf,2019,6,450539503002,4
222-222@8gd-kdb-7kf,2019,6,450130104001,4
222-222@8gd-kdb-7kf,2019,6,450570111002,4
222-222@8gd-kdb-7kf,2019,6,360610007001,4
222-222@8gd-kdb-7kf,2019,6,450299703003,4
222-222@8gd-kdb-7kf,2019,6,450499201001,4
222-222@8gd-kdb-7kf,2019,6,450539502024,4
222-222@8gd-kdb-7kf,2019,6,130510106013,4
222-222@8gd-kdb-7kf,2019,6,450299704022,4
222-222@8gd-kdb-7kf,2019,6,131719701003,4
222-222@8gd-kdb-7kf,2019,6,450499201002,4
222-222@8gd-kdb-7kf,2019,6,450130022022,4
222-222@8gd-kdb-7kf,2019,6,450130021021,4
222-222@8gd-kdb-7kf,2019,6,450130107002,4
222-222@8gd-kdb-7kf,2019,6,130299203063,4
222-222@8gd-kdb-7kf,2019,6,450130007003,4
222-222@8gd-kdb-7kf,2019,6,450130022012,4
222-222@8gd-kdb-7kf,2019,6,450130009012,4
222-222@8gd-kdb-7kf,2019,6,450130021051,4
222-222@8gd-kdb-7kf,2019,6,450539502011,4
222-222@8gd-kdb-7kf,2019,6,450059703001,4
222-222@8gd-kdb-7kf,2019,6,450130021071,4
222-222@8gd-kdb-7kf,2019,6,130730304022,4
222-222@8gd-kdb-7kf,2019,6,450130021062,4
222-222@8gd-kdb-7kf,2019,6,450130021031,4
222-222@8gd-kdb-7kf,2019,6,450499204003,4
222-222@8gd-kdb-7kf,2019,6,450130021082,4
222-222@8gd-kdb-7kf,2019,6,371190058321,4
222-222@8gd-kdb-7kf,2019,6,132519704003,4
222-222@8gd-kdb-7kf,2019,6,450299703002,4
222-222@8gd-kdb-7kf,2019,6,450150207141,4
222-222@8gd-kdb-7kf,2019,6,181559657001,4
222-222@8gd-kdb-7kf,2019,6,131030302032,4
222-222@8gd-kdb-7kf,2019,6,370939703002,4
222-222@8gd-kdb-7kf,2019,6,132450109053,4
222-222@8gd-kdb-7kf,2019,6,131030303043,4
222-222@8gd-kdb-7kf,2019,6,390610205053,4
222-222@8gd-kdb-7kf,2019,6,120090610013,4
222-222@8gd-kdb-7kf,2019,6,131790105021,4
222-222@8gd-kdb-7kf,2019,6,450130103002,4
222-222@8gd-kdb-7kf,2019,6,450130101001,4
222-222@8gd-kdb-7kf,2019,6,450130021083,4
222-222@8gd-kdb-7kf,2019,6,450499202003,4
222-222@8gd-kdb-7kf,2019,6,450539501004,4
222-222@8gd-kdb-7kf,2019,6,450190016002,4
222-222@8gd-kdb-7kf,2019,6,060372364003,4
222-222@8gd-kdb-7kf,2019,6,450499204001,4
222-222@8gd-kdb-7kf,2019,6,450830219024,4
222-222@8gd-kdb-7kf,2019,6,130510043001,4
222-222@8gd-kdb-7kf,2019,6,450130021041,5
222-222@8gd-kdb-7kf,2019,6,450130108001,5
222-222@8gd-kdb-7kf,2019,6,450499203001,5
222-222@8gd-kdb-7kf,2019,6,450130021042,5
222-222@8gd-kdb-7kf,2019,6,450499202005,5
222-222@8gd-kdb-7kf,2019,6,450130011023,5
222-222@8gd-kdb-7kf,2019,6,371070110011,5
222-222@8gd-kdb-7kf,2019,6,130510105022,5
222-222@8gd-kdb-7kf,2019,6,450130010002,5
222-222@8gd-kdb-7kf,2019,6,371190015073,5
222-222@8gd-kdb-7kf,2019,6,450130021032,5
222-222@8gd-kdb-7kf,2019,6,450130006001,6
222-222@8gd-kdb-7kf,2019,6,450130001002,6
222-222@8gd-kdb-7kf,2019,6,131030303031,6
222-222@8gd-kdb-7kf,2019,6,450130010001,6
222-222@8gd-kdb-7kf,2019,6,450130021053,7
222-222@8gd-kdb-7kf,2019,6,450130012001,7
222-222@8gd-kdb-7kf,2019,6,450130005012,7
222-222@8gd-kdb-7kf,2019,6,450499203002,7
222-222@8gd-kdb-7kf,2019,6,450539502022,7
222-222@8gd-kdb-7kf,2019,6,450539502023,8
222-222@8gd-kdb-7kf,2019,6,450130011022,8
222-222@8gd-kdb-7kf,2019,6,450130006002,8
222-222@8gd-kdb-7kf,2019,6,450539501001,9
222-222@8gd-kdb-7kf,2019,6,450130002002,9
222-222@8gd-kdb-7kf,2019,6,450130001003,9
222-222@8gd-kdb-7kf,2019,6,450130011013,9
222-222@8gd-kdb-7kf,2019,6,450130022021,9
222-222@8gd-kdb-7kf,2019,6,450130003003,9
222-222@8gd-kdb-7kf,2019,6,450130001001,9
222-222@8gd-kdb-7kf,2019,6,450130005032,10
222-222@8gd-kdb-7kf,2019,6,450130007005,10
222-222@8gd-kdb-7kf,2019,6,450130003001,10
222-222@8gd-kdb-7kf,2019,6,450130003002,10
222-222@8gd-kdb-7kf,2019,6,450130011011,10
222-222@8gd-kdb-7kf,2019,6,450130008003,11
222-222@8gd-kdb-7kf,2019,6,450130005022,11
222-222@8gd-kdb-7kf,2019,6,450499204002,11
222-222@8gd-kdb-7kf,2019,6,450130011012,12
222-222@8gd-kdb-7kf,2019,6,450130007001,14
222-222@8gd-kdb-7kf,2019,6,450130005031,16
222-222@8gd-kdb-7kf,2019,6,450130008001,16
222-222@8gd-kdb-7kf,2019,6,450130002003,18
222-222@8gd-kdb-7kf,2019,6,450130009023,19
222-222@8gd-kdb-7kf,2019,6,450130011021,20
222-222@8gd-kdb-7kf,2019,6,450130008002,20
222-222@8gd-kdb-7kf,2019,6,450130002001,21
222-222@8gd-kdb-7kf,2019,6,450130008004,21
222-222@8gd-kdb-7kf,2019,6,450539502012,23
222-222@8gd-kdb-7kf,2019,6,450130009031,23
222-222@8gd-kdb-7kf,2019,6,450130005033,25
222-222@8gd-kdb-7kf,2019,6,450130007006,25
222-222@8gd-kdb-7kf,2019,6,450130005013,27
222-222@8gd-kdb-7kf,2019,6,450130005011,28
222-222@8gd-kdb-7kf,2019,6,450130009011,33
222-222@8gd-kdb-7kf,2019,6,450130009022,39
222-222@8gd-kdb-7kf,2019,6,450130005021,40
222-222@8gd-kdb-7kf,2019,6,450130007004,41
222-222@8gd-kdb-7kf,2019,6,450130009021,42
222-222@8gd-kdb-7kf,2019,7,450499202001,4
222-222@8gd-kdb-7kf,2019,7,450539501002,4
222-222@8gd-kdb-7kf,2019,7,450130012001,4
222-222@8gd-kdb-7kf,2019,7,450130003001,4
222-222@8gd-kdb-7kf,2019,7,130510106014,4
222-222@8gd-kdb-7kf,2019,7,371190001003,4
222-222@8gd-kdb-7kf,2019,7,450630210251,4
222-222@8gd-kdb-7kf,2019,7,450130022012,4
222-222@8gd-kdb-7kf,2019,7,450499202002,4
222-222@8gd-kdb-7kf,2019,7,450819604003,4
222-222@8gd-kdb-7kf,2019,7,450539501003,4
222-222@8gd-kdb-7kf,2019,7,450130108001,4
222-222@8gd-kdb-7kf,2019,7,450130001001,4
222-222@8gd-kdb-7kf,2019,7,120950149041,4
222-222@8gd-kdb-7kf,2019,7,450130021083,4
222-222@8gd-kdb-7kf,2019,7,450350104003,4
222-222@8gd-kdb-7kf,2019,7,450499202004,4
222-222@8gd-kdb-7kf,2019,7,450499202003,4
222-222@8gd-kdb-7kf,2019,7,450499201001,4
222-222@8gd-kdb-7kf,2019,7,450030202001,4
222-222@8gd-kdb-7kf,2019,7,450299708002,4
222-222@8gd-kdb-7kf,2019,7,450299705004,4
222-222@8gd-kdb-7kf,2019,7,450750116001,4
222-222@8gd-kdb-7kf,2019,7,132190305001,4
222-222@8gd-kdb-7kf,2019,7,450499204003,4
222-222@8gd-kdb-7kf,2019,7,450030205001,4
222-222@8gd-kdb-7kf,2019,7,450299704013,4
222-222@8gd-kdb-7kf,2019,7,450130011011,4
222-222@8gd-kdb-7kf,2019,7,450130010002,4
222-222@8gd-kdb-7kf,2019,7,450130021081,4
222-222@8gd-kdb-7kf,2019,7,131350507243,4
222-222@8gd-kdb-7kf,2019,7,450499201002,4
222-222@8gd-kdb-7kf,2019,7,450539501004,4
222-222@8gd-kdb-7kf,2019,7,450479704004,4
222-222@8gd-kdb-7kf,2019,7,130179604003,4
222-222@8gd-kdb-7kf,2019,7,450130021031,4
222-222@8gd-kdb-7kf,2019,7,450499204001,4
222-222@8gd-kdb-7kf,2019,7,450130108002,4
222-222@8gd-kdb-7kf,2019,7,010730047022,4
222-222@8gd-kdb-7kf,2019,7,450299703004,4
222-222@8gd-kdb-7kf,2019,7,450130004001,4
222-222@8gd-kdb-7kf,2019,7,450130107002,4
222-222@8gd-kdb-7kf,2019,7,130510112001,4
222-222@8gd-kdb-7kf,2019,7,370510006005,4
222-222@8gd-kdb-7kf,2019,7,450299703005,4
222-222@8gd-kdb-7kf,2019,7,131639601001,4
222-222@8gd-kdb-7kf,2019,7,450130021073,4
222-222@8gd-kdb-7kf,2019,7,450130007002,4
222-222@8gd-kdb-7kf,2019,7,450299706004,4
222-222@8gd-kdb-7kf,2019,7,450190020053,4
222-222@8gd-kdb-7kf,2019,7,130510023002,4
222-222@8gd-kdb-7kf,2019,7,130510042111,4
222-222@8gd-kdb-7kf,2019,7,450190046083,4
222-222@8gd-kdb-7kf,2019,7,121050119012,4
222-222@8gd-kdb-7kf,2019,7,450130021021,4
222-222@8gd-kdb-7kf,2019,7,450750102004,4
222-222@8gd-kdb-7kf,2019,7,450539503002,4
222-222@8gd-kdb-7kf,2019,7,450130009012,4
222-222@8gd-kdb-7kf,2019,7,240338074053,4
222-222@8gd-kdb-7kf,2019,7,450299703001,4
222-222@8gd-kdb-7kf,2019,7,371830531072,4
222-222@8gd-kdb-7kf,2019,7,450130104003,4
222-222@8gd-kdb-7kf,2019,7,450910610081,4
222-222@8gd-kdb-7kf,2019,7,450499201003,4
222-222@8gd-kdb-7kf,2019,7,450130021074,4
222-222@8gd-kdb-7kf,2019,7,450910610033,4
222-222@8gd-kdb-7kf,2019,7,450299703003,4
222-222@8gd-kdb-7kf,2019,7,371830542062,4
222-222@8gd-kdb-7kf,2019,7,131030302032,4
222-222@8gd-kdb-7kf,2019,7,450499205001,5
222-222@8gd-kdb-7kf,2019,7,450059704002,5
222-222@8gd-kdb-7kf,2019,7,450499205002,5
222-222@8gd-kdb-7kf,2019,7,450130021082,5
222-222@8gd-kdb-7kf,2019,7,450539502021,5
222-222@8gd-kdb-7kf,2019,7,450130007003,5
222-222@8gd-kdb-7kf,2019,7,450130002002,5
222-222@8gd-kdb-7kf,2019,7,540779638001,5
222-222@8gd-kdb-7kf,2019,7,450499202005,6
222-222@8gd-kdb-7kf,2019,7,450539501001,6
222-222@8gd-kdb-7kf,2019,7,450130001003,6
222-222@8gd-kdb-7kf,2019,7,450130021062,6
222-222@8gd-kdb-7kf,2019,7,450539502022,6
222-222@8gd-kdb-7kf,2019,7,450130006002,6
222-222@8gd-kdb-7kf,2019,7,450099602002,6
222-222@8gd-kdb-7kf,2019,7,450539503004,7
222-222@8gd-kdb-7kf,2019,7,450130011023,7
222-222@8gd-kdb-7kf,2019,7,450130021042,7
222-222@8gd-kdb-7kf,2019,7,450130021061,8
222-222@8gd-kdb-7kf,2019,7,450130021041,8
222-222@8gd-kdb-7kf,2019,7,450130011013,8
222-222@8gd-kdb-7kf,2019,7,450130001002,8
222-222@8gd-kdb-7kf,2019,7,450130022021,9
222-222@8gd-kdb-7kf,2019,7,450539502023,9
222-222@8gd-kdb-7kf,2019,7,450130008002,10
222-222@8gd-kdb-7kf,2019,7,450130008003,10
222-222@8gd-kdb-7kf,2019,7,450130006001,10
222-222@8gd-kdb-7kf,2019,7,450130005032,10
222-222@8gd-kdb-7kf,2019,7,450130003002,10
222-222@8gd-kdb-7kf,2019,7,450130021032,10
222-222@8gd-kdb-7kf,2019,7,450130011022,10
222-222@8gd-kdb-7kf,2019,7,450499203002,11
222-222@8gd-kdb-7kf,2019,7,450130003003,11
222-222@8gd-kdb-7kf,2019,7,450499204002,11
222-222@8gd-kdb-7kf,2019,7,450350105053,11
222-222@8gd-kdb-7kf,2019,7,450130005012,12
222-222@8gd-kdb-7kf,2019,7,450130008004,12
222-222@8gd-kdb-7kf,2019,7,450130011012,13
222-222@8gd-kdb-7kf,2019,7,450130002001,14
222-222@8gd-kdb-7kf,2019,7,450130007006,15
222-222@8gd-kdb-7kf,2019,7,450130007001,15
222-222@8gd-kdb-7kf,2019,7,450130011021,16
222-222@8gd-kdb-7kf,2019,7,450130008001,16
222-222@8gd-kdb-7kf,2019,7,450130007005,17
222-222@8gd-kdb-7kf,2019,7,450130005022,17
222-222@8gd-kdb-7kf,2019,7,450130009031,19
222-222@8gd-kdb-7kf,2019,7,450539502012,21
222-222@8gd-kdb-7kf,2019,7,450130005033,23
222-222@8gd-kdb-7kf,2019,7,450130005031,23
222-222@8gd-kdb-7kf,2019,7,450130005011,23
222-222@8gd-kdb-7kf,2019,7,450130002003,23
222-222@8gd-kdb-7kf,2019,7,450130005013,24
222-222@8gd-kdb-7kf,2019,7,450130009011,27
222-222@8gd-kdb-7kf,2019,7,450130007004,29
222-222@8gd-kdb-7kf,2019,7,450130009023,30
222-222@8gd-kdb-7kf,2019,7,450130009021,36
222-222@8gd-kdb-7kf,2019,7,450130009022,37
222-222@8gd-kdb-7kf,2019,7,450130005021,39
222-222@8gd-kdb-7kf,2019,8,450259505023,4
222-222@8gd-kdb-7kf,2019,8,130510107001,4
222-222@8gd-kdb-7kf,2019,8,250235106001,4
222-222@8gd-kdb-7kf,2019,8,450059704003,4
222-222@8gd-kdb-7kf,2019,8,261635859003,4
222-222@8gd-kdb-7kf,2019,8,450630210241,4
222-222@8gd-kdb-7kf,2019,8,450130012001,4
222-222@8gd-kdb-7kf,2019,8,171990201001,4
222-222@8gd-kdb-7kf,2019,8,450750105001,4
222-222@8gd-kdb-7kf,2019,8,450299703003,4
222-222@8gd-kdb-7kf,2019,8,120950135051,4
222-222@8gd-kdb-7kf,2019,8,450499204003,4
222-222@8gd-kdb-7kf,2019,8,450190006001,4
222-222@8gd-kdb-7kf,2019,8,510594151001,4
222-222@8gd-kdb-7kf,2019,8,371270110002,4
222-222@8gd-kdb-7kf,2019,8,450130021061,4
222-222@8gd-kdb-7kf,2019,8,131030303052,4
222-222@8gd-kdb-7kf,2019,8,450499202005,4
222-222@8gd-kdb-7kf,2019,8,450630208031,4
222-222@8gd-kdb-7kf,2019,8,450130001003,4
222-222@8gd-kdb-7kf,2019,8,131030303011,4
222-222@8gd-kdb-7kf,2019,8,450750118002,4
222-222@8gd-kdb-7kf,2019,8,130510108063,4
222-222@8gd-kdb-7kf,2019,8,450510514033,4
222-222@8gd-kdb-7kf,2019,8,450130007003,4
222-222@8gd-kdb-7kf,2019,8,450850009022,4
222-222@8gd-kdb-7kf,2019,8,450130022012,4
222-222@8gd-kdb-7kf,2019,8,450130011011,4
222-222@8gd-kdb-7kf,2019,8,450450024021,4
222-222@8gd-kdb-7kf,2019,8,450539502011,4
222-222@8gd-kdb-7kf,2019,8,130510108012,4
222-222@8gd-kdb-7kf,2019,8,450190046083,4
222-222@8gd-kdb-7kf,2019,8,450130009012,4
222-222@8gd-kdb-7kf,2019,8,371010410011,4
222-222@8gd-kdb-7kf,2019,8,450130006002,4
222-222@8gd-kdb-7kf,2019,8,450190020052,4
222-222@8gd-kdb-7kf,2019,8,130299203011,4
222-222@8gd-kdb-7kf,2019,8,470039507002,4
222-222@8gd-kdb-7kf,2019,8,130510042083,4
222-222@8gd-kdb-7kf,2019,8,450539502024,4
222-222@8gd-kdb-7kf,2019,8,450190021013,4
222-222@8gd-kdb-7kf,2019,8,450130021075,4
222-222@8gd-kdb-7kf,2019,8,450299703002,4
222-222@8gd-kdb-7kf,2019,8,130510043001,4
222-222@8gd-kdb-7kf,2019,8,450539503001,4
222-222@8gd-kdb-7kf,2019,8,250138108002,4
222-222@8gd-kdb-7kf,2019,8,450539503002,4
222-222@8gd-kdb-7kf,2019,8,450299704022,4
222-222@8gd-kdb-7kf,2019,8,450499205002,4
222-222@8gd-kdb-7kf,2019,8,120050027011,4
222-222@8gd-kdb-7kf,2019,8,130510116002,4
222-222@8gd-kdb-7kf,2019,8,450130010002,4
222-222@8gd-kdb-7kf,2019,8,371190060081,4
222-222@8gd-kdb-7kf,2019,8,132519703002,4
222-222@8gd-kdb-7kf,2019,8,160010101001,4
222-222@8gd-kdb-7kf,2019,8,450130107002,4
222-222@8gd-kdb-7kf,2019,8,450499204001,4
222-222@8gd-kdb-7kf,2019,8,121030260013,4
222-222@8gd-kdb-7kf,2019,8,450539502022,4
222-222@8gd-kdb-7kf,2019,8,130730304022,4
222-222@8gd-kdb-7kf,2019,8,450539501003,4
222-222@8gd-kdb-7kf,2019,8,450299708002,4
222-222@8gd-kdb-7kf,2019,8,450299705004,4
222-222@8gd-kdb-7kf,2019,8,450299707002,4
222-222@8gd-kdb-7kf,2019,8,450539501002,4
222-222@8gd-kdb-7kf,2019,8,450130021053,4
222-222@8gd-kdb-7kf,2019,8,450830217003,4
222-222@8gd-kdb-7kf,2019,8,080410031002,4
222-222@8gd-kdb-7kf,2019,8,450130022013,4
222-222@8gd-kdb-7kf,2019,8,450479710001,5
222-222@8gd-kdb-7kf,2019,8,450539501001,5
222-222@8gd-kdb-7kf,2019,8,450130008002,5
222-222@8gd-kdb-7kf,2019,8,450499205001,5
222-222@8gd-kdb-7kf,2019,8,450130002002,5
222-222@8gd-kdb-7kf,2019,8,130570901004,6
222-222@8gd-kdb-7kf,2019,8,450130021021,6
222-222@8gd-kdb-7kf,2019,8,450130021031,6
222-222@8gd-kdb-7kf,2019,8,450130010001,6
222-222@8gd-kdb-7kf,2019,8,130630406191,6
222-222@8gd-kdb-7kf,2019,8,450130003003,7
222-222@8gd-kdb-7kf,2019,8,450539503003,7
222-222@8gd-kdb-7kf,2019,8,450539502023,7
222-222@8gd-kdb-7kf,2019,8,450130021073,7
222-222@8gd-kdb-7kf,2019,8,450130008003,8
222-222@8gd-kdb-7kf,2019,8,450130001001,8
222-222@8gd-kdb-7kf,2019,8,450499202003,8
222-222@8gd-kdb-7kf,2019,8,450130005032,8
222-222@8gd-kdb-7kf,2019,8,450130005012,9
222-222@8gd-kdb-7kf,2019,8,450130011022,9
222-222@8gd-kdb-7kf,2019,8,450130021062,9
222-222@8gd-kdb-7kf,2019,8,450499203002,9
222-222@8gd-kdb-7kf,2019,8,450130006001,9
222-222@8gd-kdb-7kf,2019,8,450130007005,9
222-222@8gd-kdb-7kf,2019,8,450130003001,10
222-222@8gd-kdb-7kf,2019,8,450499204002,10
222-222@8gd-kdb-7kf,2019,8,450130007002,10
222-222@8gd-kdb-7kf,2019,8,450130011013,11
222-222@8gd-kdb-7kf,2019,8,450130021041,11
222-222@8gd-kdb-7kf,2019,8,450130021032,11
222-222@8gd-kdb-7kf,2019,8,450130007001,12
222-222@8gd-kdb-7kf,2019,8,450130011023,12
222-222@8gd-kdb-7kf,2019,8,450499203001,12
222-222@8gd-kdb-7kf,2019,8,450130022021,13
222-222@8gd-kdb-7kf,2019,8,450130001002,13
222-222@8gd-kdb-7kf,2019,8,450130011012,15
222-222@8gd-kdb-7kf,2019,8,450130007006,16
222-222@8gd-kdb-7kf,2019,8,450130008001,17
222-222@8gd-kdb-7kf,2019,8,450130009023,18
222-222@8gd-kdb-7kf,2019,8,450130008004,18
222-222@8gd-kdb-7kf,2019,8,450130009031,19
222-222@8gd-kdb-7kf,2019,8,450130003002,19
222-222@8gd-kdb-7kf,2019,8,450130005022,20
222-222@8gd-kdb-7kf,2019,8,450539502012,21
222-222@8gd-kdb-7kf,2019,8,450130005013,22
222-222@8gd-kdb-7kf,2019,8,450130002001,24
222-222@8gd-kdb-7kf,2019,8,450130002003,27
222-222@8gd-kdb-7kf,2019,8,450130005033,28
222-222@8gd-kdb-7kf,2019,8,450130007004,30
222-222@8gd-kdb-7kf,2019,8,450130005031,32
222-222@8gd-kdb-7kf,2019,8,450130005011,32
222-222@8gd-kdb-7kf,2019,8,450130011021,34
222-222@8gd-kdb-7kf,2019,8,450130009011,38
222-222@8gd-kdb-7kf,2019,8,450130005021,38
222-222@8gd-kdb-7kf,2019,8,450130009022,39
222-222@8gd-kdb-7kf,2019,8,450130009021,42
222-222@8gd-kdb-7kf,2019,9,450539502021,4
222-222@8gd-kdb-7kf,2019,9,450130021031,4
222-222@8gd-kdb-7kf,2019,9,131210101133,4
222-222@8gd-kdb-7kf,2019,9,130510111061,4
222-222@8gd-kdb-7kf,2019,9,450130021082,4
222-222@8gd-kdb-7kf,2019,9,516500107022,4
222-222@8gd-kdb-7kf,2019,9,450059703001,4
222-222@8gd-kdb-7kf,2019,9,450410014003,4
222-222@8gd-kdb-7kf,2019,9,450410001021,4
222-222@8gd-kdb-7kf,2019,9,450030217002,4
222-222@8gd-kdb-7kf,2019,9,450910607002,4
222-222@8gd-kdb-7kf,2019,9,450059702003,4
222-222@8gd-kdb-7kf,2019,9,450630212062,4
222-222@8gd-kdb-7kf,2019,9,450499203001,4
222-222@8gd-kdb-7kf,2019,9,450150203022,4
222-222@8gd-kdb-7kf,2019,9,371190038051,4
222-222@8gd-kdb-7kf,2019,9,450350105041,4
222-222@8gd-kdb-7kf,2019,9,450499202004,4
222-222@8gd-kdb-7kf,2019,9,450750102003,4
222-222@8gd-kdb-7kf,2019,9,120570116051,4
222-222@8gd-kdb-7kf,2019,9,450130021075,4
222-222@8gd-kdb-7kf,2019,9,131030303031,4
222-222@8gd-kdb-7kf,2019,9,450499201001,4
222-222@8gd-kdb-7kf,2019,9,450130010001,4
222-222@8gd-kdb-7kf,2019,9,450299703004,4
222-222@8gd-kdb-7kf,2019,9,484230020071,4
222-222@8gd-kdb-7kf,2019,9,450299704013,4
222-222@8gd-kdb-7kf,2019,9,470930040001,4
222-222@8gd-kdb-7kf,2019,9,170910120001,4
222-222@8gd-kdb-7kf,2019,9,131030303041,4
222-222@8gd-kdb-7kf,2019,9,450539502025,4
222-222@8gd-kdb-7kf,2019,9,450299703001,4
222-222@8gd-kdb-7kf,2019,9,450539503001,4
222-222@8gd-kdb-7kf,2019,9,450539502024,4
222-222@8gd-kdb-7kf,2019,9,484790017141,4
222-222@8gd-kdb-7kf,2019,9,450130021051,4
222-222@8gd-kdb-7kf,2019,9,450790104101,4
222-222@8gd-kdb-7kf,2019,9,450499201003,4
222-222@8gd-kdb-7kf,2019,9,450299706004,4
222-222@8gd-kdb-7kf,2019,9,450499201002,4
222-222@8gd-kdb-7kf,2019,9,450130001001,4
222-222@8gd-kdb-7kf,2019,9,450539502011,4
222-222@8gd-kdb-7kf,2019,9,450539501001,4
222-222@8gd-kdb-7kf,2019,9,450130106001,4
222-222@8gd-kdb-7kf,2019,9,450499202005,4
222-222@8gd-kdb-7kf,2019,9,450130104002,4
222-222@8gd-kdb-7kf,2019,9,450299704022,4
222-222@8gd-kdb-7kf,2019,9,450499205002,4
222-222@8gd-kdb-7kf,2019,9,450130009012,4
222-222@8gd-kdb-7kf,2019,9,450499205001,4
222-222@8gd-kdb-7kf,2019,9,450130011013,5
222-222@8gd-kdb-7kf,2019,9,450130011023,5
222-222@8gd-kdb-7kf,2019,9,450130011011,5
222-222@8gd-kdb-7kf,2019,9,450499202003,5
222-222@8gd-kdb-7kf,2019,9,450130005032,6
222-222@8gd-kdb-7kf,2019,9,450130010002,6
222-222@8gd-kdb-7kf,2019,9,450130011022,6
222-222@8gd-kdb-7kf,2019,9,450130022012,6
222-222@8gd-kdb-7kf,2019,9,450539502023,6
222-222@8gd-kdb-7kf,2019,9,450130021062,6
222-222@8gd-kdb-7kf,2019,9,450130002002,7
222-222@8gd-kdb-7kf,2019,9,450130021021,7
222-222@8gd-kdb-7kf,2019,9,450539502022,7
222-222@8gd-kdb-7kf,2019,9,450130001002,7
222-222@8gd-kdb-7kf,2019,9,450130012001,8
222-222@8gd-kdb-7kf,2019,9,450130001003,8
222-222@8gd-kdb-7kf,2019,9,450130003002,8
222-222@8gd-kdb-7kf,2019,9,450130007003,9
222-222@8gd-kdb-7kf,2019,9,450130022021,9
222-222@8gd-kdb-7kf,2019,9,450499203002,9
222-222@8gd-kdb-7kf,2019,9,450130005012,9
222-222@8gd-kdb-7kf,2019,9,450130003003,10
222-222@8gd-kdb-7kf,2019,9,450130021032,10
222-222@8gd-kdb-7kf,2019,9,450130006001,10
222-222@8gd-kdb-7kf,2019,9,450130021042,10
222-222@8gd-kdb-7kf,2019,9,450130021041,11
222-222@8gd-kdb-7kf,2019,9,450130007001,13
222-222@8gd-kdb-7kf,2019,9,450130007002,13
222-222@8gd-kdb-7kf,2019,9,450130006002,13
222-222@8gd-kdb-7kf,2019,9,450499204002,14
222-222@8gd-kdb-7kf,2019,9,450130011012,14
222-222@8gd-kdb-7kf,2019,9,450130005013,16
222-222@8gd-kdb-7kf,2019,9,450130008004,17
222-222@8gd-kdb-7kf,2019,9,450130007005,17
222-222@8gd-kdb-7kf,2019,9,450130002001,17
222-222@8gd-kdb-7kf,2019,9,450130008001,17
222-222@8gd-kdb-7kf,2019,9,450130008003,18
222-222@8gd-kdb-7kf,2019,9,450539502012,18
222-222@8gd-kdb-7kf,2019,9,450130002003,19
222-222@8gd-kdb-7kf,2019,9,450130008002,21
222-222@8gd-kdb-7kf,2019,9,450130009023,21
222-222@8gd-kdb-7kf,2019,9,450130011021,22
222-222@8gd-kdb-7kf,2019,9,450130009031,23
222-222@8gd-kdb-7kf,2019,9,450130005022,25
222-222@8gd-kdb-7kf,2019,9,450130007006,26
222-222@8gd-kdb-7kf,2019,9,450130007004,27
222-222@8gd-kdb-7kf,2019,9,450130005033,27
222-222@8gd-kdb-7kf,2019,9,450130005011,31
222-222@8gd-kdb-7kf,2019,9,450130005031,34
222-222@8gd-kdb-7kf,2019,9,450130009022,38
222-222@8gd-kdb-7kf,2019,9,450130009011,39
222-222@8gd-kdb-7kf,2019,9,450130005021,40
222-222@8gd-kdb-7kf,2019,9,450130009021,54
222-222@8gd-kdb-7kf,2019,10,450499201001,4
222-222@8gd-kdb-7kf,2019,10,450130021073,4
222-222@8gd-kdb-7kf,2019,10,540610102015,4
222-222@8gd-kdb-7kf,2019,10,131030302022,4
222-222@8gd-kdb-7kf,2019,10,450130105001,4
222-222@8gd-kdb-7kf,2019,10,120570141191,4
222-222@8gd-kdb-7kf,2019,10,450130021042,4
222-222@8gd-kdb-7kf,2019,10,450130022012,4
222-222@8gd-kdb-7kf,2019,10,450539503003,4
222-222@8gd-kdb-7kf,2019,10,450539501001,4
222-222@8gd-kdb-7kf,2019,10,450130107002,4
222-222@8gd-kdb-7kf,2019,10,450130105002,4
222-222@8gd-kdb-7kf,2019,10,450130011011,4
222-222@8gd-kdb-7kf,2019,10,130510023002,4
222-222@8gd-kdb-7kf,2019,10,120310105001,4
222-222@8gd-kdb-7kf,2019,10,450130106001,4
222-222@8gd-kdb-7kf,2019,10,450299705005,4
222-222@8gd-kdb-7kf,2019,10,450130021071,4
222-222@8gd-kdb-7kf,2019,10,450499204001,4
222-222@8gd-kdb-7kf,2019,10,450619204003,4
222-222@8gd-kdb-7kf,2019,10,450150204031,4
222-222@8gd-kdb-7kf,2019,10,450539501004,4
222-222@8gd-kdb-7kf,2019,10,450299708002,4
222-222@8gd-kdb-7kf,2019,10,450539501003,4
222-222@8gd-kdb-7kf,2019,10,450559704022,4
222-222@8gd-kdb-7kf,2019,10,240037309012,4
222-222@8gd-kdb-7kf,2019,10,450770112022,4
222-222@8gd-kdb-7kf,2019,10,450190006001,4
222-222@8gd-kdb-7kf,2019,10,371010410021,4
222-222@8gd-kdb-7kf,2019,10,450059702002,4
222-222@8gd-kdb-7kf,2019,10,450539502022,4
222-222@8gd-kdb-7kf,2019,10,450190046084,4
222-222@8gd-kdb-7kf,2019,10,450559709042,4
222-222@8gd-kdb-7kf,2019,10,130510108064,4
222-222@8gd-kdb-7kf,2019,10,450130021053,4
222-222@8gd-kdb-7kf,2019,10,450130006002,4
222-222@8gd-kdb-7kf,2019,10,450150207141,4
222-222@8gd-kdb-7kf,2019,10,121270825092,4
222-222@8gd-kdb-7kf,2019,10,131030304022,4
222-222@8gd-kdb-7kf,2019,10,450299704022,4
222-222@8gd-kdb-7kf,2019,10,450790114172,4
222-222@8gd-kdb-7kf,2019,10,450499202005,4
222-222@8gd-kdb-7kf,2019,10,131030303011,4
222-222@8gd-kdb-7kf,2019,10,450030213002,4
222-222@8gd-kdb-7kf,2019,10,450059704002,4
222-222@8gd-kdb-7kf,2019,10,450790013004,4
222-222@8gd-kdb-7kf,2019,10,450410014004,4
222-222@8gd-kdb-7kf,2019,10,131110504005,4
222-222@8gd-kdb-7kf,2019,10,391390012001,4
222-222@8gd-kdb-7kf,2019,10,450299703004,4
222-222@8gd-kdb-7kf,2019,10,450130002002,4
222-222@8gd-kdb-7kf,2019,10,450190046083,4
222-222@8gd-kdb-7kf,2019,10,450130021052,4
222-222@8gd-kdb-7kf,2019,10,010810411001,4
222-222@8gd-kdb-7kf,2019,10,450299704013,5
222-222@8gd-kdb-7kf,2019,10,450539503002,5
222-222@8gd-kdb-7kf,2019,10,450130007003,5
222-222@8gd-kdb-7kf,2019,10,450130010002,5
222-222@8gd-kdb-7kf,2019,10,450130021082,5
222-222@8gd-kdb-7kf,2019,10,450499202003,5
222-222@8gd-kdb-7kf,2019,10,450130012001,5
222-222@8gd-kdb-7kf,2019,10,450499203001,5
222-222@8gd-kdb-7kf,2019,10,450499203002,5
222-222@8gd-kdb-7kf,2019,10,371010410011,6
222-222@8gd-kdb-7kf,2019,10,450130021062,6
222-222@8gd-kdb-7kf,2019,10,450130011023,6
222-222@8gd-kdb-7kf,2019,10,450130021031,6
222-222@8gd-kdb-7kf,2019,10,450130006001,6
222-222@8gd-kdb-7kf,2019,10,450130103002,6
222-222@8gd-kdb-7kf,2019,10,450130007002,6
222-222@8gd-kdb-7kf,2019,10,450130008003,7
222-222@8gd-kdb-7kf,2019,10,450130001003,7
222-222@8gd-kdb-7kf,2019,10,450130009012,7
222-222@8gd-kdb-7kf,2019,10,450130007005,7
222-222@8gd-kdb-7kf,2019,10,450130021061,8
222-222@8gd-kdb-7kf,2019,10,450130001002,8
222-222@8gd-kdb-7kf,2019,10,450539502023,8
222-222@8gd-kdb-7kf,2019,10,450130011013,9
222-222@8gd-kdb-7kf,2019,10,450130001001,9
222-222@8gd-kdb-7kf,2019,10,450130008002,10
222-222@8gd-kdb-7kf,2019,10,450130021041,10
222-222@8gd-kdb-7kf,2019,10,450130011022,10
222-222@8gd-kdb-7kf,2019,10,450130022021,10
222-222@8gd-kdb-7kf,2019,10,450130003002,10
222-222@8gd-kdb-7kf,2019,10,450130005012,11
222-222@8gd-kdb-7kf,2019,10,450130003003,11
222-222@8gd-kdb-7kf,2019,10,450130021032,12
222-222@8gd-kdb-7kf,2019,10,450130011021,13
222-222@8gd-kdb-7kf,2019,10,450130003001,13
222-222@8gd-kdb-7kf,2019,10,450130007001,14
222-222@8gd-kdb-7kf,2019,10,450130011012,14
222-222@8gd-kdb-7kf,2019,10,450130005013,15
222-222@8gd-kdb-7kf,2019,10,450130009023,15
222-222@8gd-kdb-7kf,2019,10,450130005032,15
222-222@8gd-kdb-7kf,2019,10,450130009031,16
222-222@8gd-kdb-7kf,2019,10,450130008001,17
222-222@8gd-kdb-7kf,2019,10,450539502012,17
222-222@8gd-kdb-7kf,2019,10,450130002003,17
222-222@8gd-kdb-7kf,2019,10,450130005022,18
222-222@8gd-kdb-7kf,2019,10,450130007006,21
222-222@8gd-kdb-7kf,2019,10,450130002001,22
222-222@8gd-kdb-7kf,2019,10,450130008004,23
222-222@8gd-kdb-7kf,2019,10,450130005033,26
222-222@8gd-kdb-7kf,2019,10,450130007004,27
222-222@8gd-kdb-7kf,2019,10,450130005011,28
222-222@8gd-kdb-7kf,2019,10,450130005031,32
222-222@8gd-kdb-7kf,2019,10,450130009022,38
222-222@8gd-kdb-7kf,2019,10,450130009011,40
222-222@8gd-kdb-7kf,2019,10,450130005021,40
222-222@8gd-kdb-7kf,2019,10,450130009021,49
222-222@8gd-kdb-7kf,2019,11,450499201001,4
222-222@8gd-kdb-7kf,2019,11,450130103003,4
222-222@8gd-kdb-7kf,2019,11,450910617082,4
222-222@8gd-kdb-7kf,2019,11,450130021053,4
222-222@8gd-kdb-7kf,2019,11,120310010002,4
222-222@8gd-kdb-7kf,2019,11,371190057092,4
222-222@8gd-kdb-7kf,2019,11,450130021052,4
222-222@8gd-kdb-7kf,2019,11,371190058341,4
222-222@8gd-kdb-7kf,2019,11,450299704013,4
222-222@8gd-kdb-7kf,2019,11,450539502022,4
222-222@8gd-kdb-7kf,2019,11,131030302042,4
222-222@8gd-kdb-7kf,2019,11,130510108091,4
222-222@8gd-kdb-7kf,2019,11,450130021031,4
222-222@8gd-kdb-7kf,2019,11,371010414001,4
222-222@8gd-kdb-7kf,2019,11,450299703004,4
222-222@8gd-kdb-7kf,2019,11,450539503002,4
222-222@8gd-kdb-7kf,2019,11,120430003003,4
222-222@8gd-kdb-7kf,2019,11,450130021042,4
222-222@8gd-kdb-7kf,2019,11,450750118001,4
222-222@8gd-kdb-7kf,2019,11,450190046083,4
222-222@8gd-kdb-7kf,2019,11,370190205073,4
222-222@8gd-kdb-7kf,2019,11,120090667003,4
222-222@8gd-kdb-7kf,2019,11,450130107002,4
222-222@8gd-kdb-7kf,2019,11,370370208001,4
222-222@8gd-kdb-7kf,2019,11,470650106002,4
222-222@8gd-kdb-7kf,2019,11,450130021022,4
222-222@8gd-kdb-7kf,2019,11,450130004001,4
222-222@8gd-kdb-7kf,2019,11,450450007001,4
222-222@8gd-kdb-7kf,2019,11,450559709032,4
222-222@8gd-kdb-7kf,2019,11,130299203052,4
222-222@8gd-kdb-7kf,2019,11,131030302032,4
222-222@8gd-kdb-7kf,2019,11,450499204001,4
222-222@8gd-kdb-7kf,2019,11,450499202003,4
222-222@8gd-kdb-7kf,2019,11,450539501003,4
222-222@8gd-kdb-7kf,2019,11,370510016042,4
222-222@8gd-kdb-7kf,2019,11,450299708002,4
222-222@8gd-kdb-7kf,2019,11,450130010002,4
222-222@8gd-kdb-7kf,2019,11,483610215025,4
222-222@8gd-kdb-7kf,2019,11,450130022012,4
222-222@8gd-kdb-7kf,2019,11,261158320002,4
222-222@8gd-kdb-7kf,2019,11,450190026121,4
222-222@8gd-kdb-7kf,2019,11,450499201002,4
222-222@8gd-kdb-7kf,2019,11,450539503004,4
222-222@8gd-kdb-7kf,2019,11,050310004022,4
222-222@8gd-kdb-7kf,2019,11,130990902001,4
222-222@8gd-kdb-7kf,2019,11,450299706004,4
222-222@8gd-kdb-7kf,2019,11,516003005003,4
222-222@8gd-kdb-7kf,2019,11,450130022011,4
222-222@8gd-kdb-7kf,2019,11,450130021073,4
222-222@8gd-kdb-7kf,2019,11,450539502021,4
222-222@8gd-kdb-7kf,2019,11,060855117041,4
222-222@8gd-kdb-7kf,2019,11,450539502024,4
222-222@8gd-kdb-7kf,2019,11,450150204031,4
222-222@8gd-kdb-7kf,2019,11,450539501002,4
222-222@8gd-kdb-7kf,2019,11,450299704022,4
222-222@8gd-kdb-7kf,2019,11,450130007002,4
222-222@8gd-kdb-7kf,2019,11,450450029012,4
222-222@8gd-kdb-7kf,2019,11,120950148081,4
222-222@8gd-kdb-7kf,2019,11,371190016071,4
222-222@8gd-kdb-7kf,2019,11,450299702001,4
222-222@8gd-kdb-7kf,2019,11,450130021074,4
222-222@8gd-kdb-7kf,2019,11,450499202001,4
222-222@8gd-kdb-7kf,2019,11,450790101041,4
222-222@8gd-kdb-7kf,2019,11,450130021082,4
222-222@8gd-kdb-7kf,2019,11,450499203001,5
222-222@8gd-kdb-7kf,2019,11,450130021062,5
222-222@8gd-kdb-7kf,2019,11,450130021032,5
222-222@8gd-kdb-7kf,2019,11,450130007003,5
222-222@8gd-kdb-7kf,2019,11,450130011011,5
222-222@8gd-kdb-7kf,2019,11,450130002002,5
222-222@8gd-kdb-7kf,2019,11,450539501004,5
222-222@8gd-kdb-7kf,2019,11,450190046114,5
222-222@8gd-kdb-7kf,2019,11,450130001003,5
222-222@8gd-kdb-7kf,2019,11,450130021021,6
222-222@8gd-kdb-7kf,2019,11,450539501001,6
222-222@8gd-kdb-7kf,2019,11,450130012001,6
222-222@8gd-kdb-7kf,2019,11,450130011022,6
222-222@8gd-kdb-7kf,2019,11,450130009012,6
222-222@8gd-kdb-7kf,2019,11,450130022021,6
222-222@8gd-kdb-7kf,2019,11,450130022013,6
222-222@8gd-kdb-7kf,2019,11,450130007005,7
222-222@8gd-kdb-7kf,2019,11,450130021061,7
222-222@8gd-kdb-7kf,2019,11,450130005012,8
222-222@8gd-kdb-7kf,2019,11,450130011023,8
222-222@8gd-kdb-7kf,2019,11,450130021041,8
222-222@8gd-kdb-7kf,2019,11,450130006001,8
222-222@8gd-kdb-7kf,2019,11,450130008002,8
222-222@8gd-kdb-7kf,2019,11,450130011013,8
222-222@8gd-kdb-7kf,2019,11,450499202005,8
222-222@8gd-kdb-7kf,2019,11,450539502023,9
222-222@8gd-kdb-7kf,2019,11,450499203002,9
222-222@8gd-kdb-7kf,2019,11,450130009023,10
222-222@8gd-kdb-7kf,2019,11,450130001001,11
222-222@8gd-kdb-7kf,2019,11,450130006002,11
222-222@8gd-kdb-7kf,2019,11,450130008001,12
222-222@8gd-kdb-7kf,2019,11,450130008003,12
222-222@8gd-kdb-7kf,2019,11,450130001002,12
222-222@8gd-kdb-7kf,2019,11,450130003001,13
222-222@8gd-kdb-7kf,2019,11,450539502012,13
222-222@8gd-kdb-7kf,2019,11,450130007001,13
222-222@8gd-kdb-7kf,2019,11,450130009031,14
222-222@8gd-kdb-7kf,2019,11,450130003003,14
222-222@8gd-kdb-7kf,2019,11,450130011012,17
222-222@8gd-kdb-7kf,2019,11,450130011021,17
222-222@8gd-kdb-7kf,2019,11,450130005022,17
222-222@8gd-kdb-7kf,2019,11,450130008004,19
222-222@8gd-kdb-7kf,2019,11,450130005032,19
222-222@8gd-kdb-7kf,2019,11,450130002003,19
222-222@8gd-kdb-7kf,2019,11,450130002001,19
222-222@8gd-kdb-7kf,2019,11,450130005011,19
222-222@8gd-kdb-7kf,2019,11,450130007006,21
222-222@8gd-kdb-7kf,2019,11,450130003002,22
222-222@8gd-kdb-7kf,2019,11,450130007004,22
222-222@8gd-kdb-7kf,2019,11,450130005013,23
222-222@8gd-kdb-7kf,2019,11,450130005033,30
222-222@8gd-kdb-7kf,2019,11,450130005031,30
222-222@8gd-kdb-7kf,2019,11,450130009011,31
222-222@8gd-kdb-7kf,2019,11,450130009022,38
222-222@8gd-kdb-7kf,2019,11,450130005021,42
222-222@8gd-kdb-7kf,2019,11,450130009021,44
222-222@8gd-kdb-7kf,2019,12,370510029002,4
222-222@8gd-kdb-7kf,2019,12,090010445001,4
222-222@8gd-kdb-7kf,2019,12,450130010001,4
222-222@8gd-kdb-7kf,2019,12,131030304022,4
222-222@8gd-kdb-7kf,2019,12,450130004001,4
222-222@8gd-kdb-7kf,2019,12,450130022012,4
222-222@8gd-kdb-7kf,2019,12,450130107002,4
222-222@8gd-kdb-7kf,2019,12,450539502024,4
222-222@8gd-kdb-7kf,2019,12,450539501002,4
222-222@8gd-kdb-7kf,2019,12,450499204003,4
222-222@8gd-kdb-7kf,2019,12,450499203001,4
222-222@8gd-kdb-7kf,2019,12,371010410011,4
222-222@8gd-kdb-7kf,2019,12,450299703001,4
222-222@8gd-kdb-7kf,2019,12,450499202005,4
222-222@8gd-kdb-7kf,2019,12,370370208001,4
222-222@8gd-kdb-7kf,2019,12,450910610081,4
222-222@8gd-kdb-7kf,2019,12,450790103043,4
222-222@8gd-kdb-7kf,2019,12,450410014004,4
222-222@8gd-kdb-7kf,2019,12,450450028142,4
222-222@8gd-kdb-7kf,2019,12,450299703004,4
222-222@8gd-kdb-7kf,2019,12,450499201003,4
222-222@8gd-kdb-7kf,2019,12,450130009012,4
222-222@8gd-kdb-7kf,2019,12,131350504342,4
222-222@8gd-kdb-7kf,2019,12,450499205001,4
222-222@8gd-kdb-7kf,2019,12,450299704022,4
222-222@8gd-kdb-7kf,2019,12,450130021061,4
222-222@8gd-kdb-7kf,2019,12,450539503002,4
222-222@8gd-kdb-7kf,2019,12,130299203031,4
222-222@8gd-kdb-7kf,2019,12,450130021051,4
222-222@8gd-kdb-7kf,2019,12,450299702002,4
222-222@8gd-kdb-7kf,2019,12,450130010002,4
222-222@8gd-kdb-7kf,2019,12,450499201002,4
222-222@8gd-kdb-7kf,2019,12,450130104003,4
222-222@8gd-kdb-7kf,2019,12,450130021042,4
222-222@8gd-kdb-7kf,2019,12,450499202001,4
222-222@8gd-kdb-7kf,2019,12,450130021082,4
222-222@8gd-kdb-7kf,2019,12,130510112001,4
222-222@8gd-kdb-7kf,2019,12,450299704013,4
222-222@8gd-kdb-7kf,2019,12,450150204031,4
222-222@8gd-kdb-7kf,2019,12,120950169032,4
222-222@8gd-kdb-7kf,2019,12,450299708002,4
222-222@8gd-kdb-7kf,2019,12,450539502011,4
222-222@8gd-kdb-7kf,2019,12,130510110043,4
222-222@8gd-kdb-7kf,2019,12,482239501002,4
222-222@8gd-kdb-7kf,2019,12,450130021031,4
222-222@8gd-kdb-7kf,2019,12,450770112052,4
222-222@8gd-kdb-7kf,2019,12,450130022011,4
222-222@8gd-kdb-7kf,2019,12,450539503004,4
222-222@8gd-kdb-7kf,2019,12,130570908042,4
222-222@8gd-kdb-7kf,2019,12,450539502022,4
222-222@8gd-kdb-7kf,2019,12,450539501003,4
222-222@8gd-kdb-7kf,2019,12,450130012001,5
222-222@8gd-kdb-7kf,2019,12,450130011011,5
222-222@8gd-kdb-7kf,2019,12,450130108001,5
222-222@8gd-kdb-7kf,2019,12,450499202003,5
222-222@8gd-kdb-7kf,2019,12,450130011023,5
222-222@8gd-kdb-7kf,2019,12,131030303011,5
222-222@8gd-kdb-7kf,2019,12,450499204002,5
222-222@8gd-kdb-7kf,2019,12,450539502021,5
222-222@8gd-kdb-7kf,2019,12,371570405011,5
222-222@8gd-kdb-7kf,2019,12,450539501004,5
222-222@8gd-kdb-7kf,2019,12,120310167112,5
222-222@8gd-kdb-7kf,2019,12,450499202004,5
222-222@8gd-kdb-7kf,2019,12,131790105021,5
222-222@8gd-kdb-7kf,2019,12,450450028151,6
222-222@8gd-kdb-7kf,2019,12,450539501001,6
222-222@8gd-kdb-7kf,2019,12,450130021041,6
222-222@8gd-kdb-7kf,2019,12,450499201001,6
222-222@8gd-kdb-7kf,2019,12,450130021052,6
222-222@8gd-kdb-7kf,2019,12,450130003001,7
222-222@8gd-kdb-7kf,2019,12,450130008001,7
222-222@8gd-kdb-7kf,2019,12,450130011013,7
222-222@8gd-kdb-7kf,2019,12,450130021062,7
222-222@8gd-kdb-7kf,2019,12,450539502023,7
222-222@8gd-kdb-7kf,2019,12,450130001002,8
222-222@8gd-kdb-7kf,2019,12,450130007003,8
222-222@8gd-kdb-7kf,2019,12,450499203002,8
222-222@8gd-kdb-7kf,2019,12,450130011022,8
222-222@8gd-kdb-7kf,2019,12,450130021021,8
222-222@8gd-kdb-7kf,2019,12,450130022021,8
222-222@8gd-kdb-7kf,2019,12,450130001003,9
222-222@8gd-kdb-7kf,2019,12,450130007002,9
222-222@8gd-kdb-7kf,2019,12,450130007001,9
222-222@8gd-kdb-7kf,2019,12,450130001001,10
222-222@8gd-kdb-7kf,2019,12,450130021032,10
222-222@8gd-kdb-7kf,2019,12,450130006001,11
222-222@8gd-kdb-7kf,2019,12,450130007005,11
222-222@8gd-kdb-7kf,2019,12,450130005012,11
222-222@8gd-kdb-7kf,2019,12,450130003002,12
222-222@8gd-kdb-7kf,2019,12,450539502012,13
222-222@8gd-kdb-7kf,2019,12,450130008003,13
222-222@8gd-kdb-7kf,2019,12,450130002002,14
222-222@8gd-kdb-7kf,2019,12,450130005032,15
222-222@8gd-kdb-7kf,2019,12,450130009023,17
222-222@8gd-kdb-7kf,2019,12,450130011012,18
222-222@8gd-kdb-7kf,2019,12,450130002003,18
222-222@8gd-kdb-7kf,2019,12,450130007006,18
222-222@8gd-kdb-7kf,2019,12,450130003003,19
222-222@8gd-kdb-7kf,2019,12,450130006002,19
222-222@8gd-kdb-7kf,2019,12,450130008002,19
222-222@8gd-kdb-7kf,2019,12,450130011021,20
222-222@8gd-kdb-7kf,2019,12,450130009031,21
222-222@8gd-kdb-7kf,2019,12,450130005022,22
222-222@8gd-kdb-7kf,2019,12,450130005011,25
222-222@8gd-kdb-7kf,2019,12,450130005013,25
222-222@8gd-kdb-7kf,2019,12,450130005033,25
222-222@8gd-kdb-7kf,2019,12,450130002001,26
222-222@8gd-kdb-7kf,2019,12,450130008004,26
222-222@8gd-kdb-7kf,2019,12,450130005031,27
222-222@8gd-kdb-7kf,2019,12,450130007004,29
222-222@8gd-kdb-7kf,2019,12,450130009011,36
222-222@8gd-kdb-7kf,2019,12,450130005021,41
222-222@8gd-kdb-7kf,2019,12,450130009022,45
222-222@8gd-kdb-7kf,2019,12,450130009021,46
